image_size,run1_time,run2_time,run3_time
256,0.000933,0.001047,0.000888
1024,0.015544,0.014636,0.014826
4000,0.210384,0.194488,0.215198
16000,4.079864,3.984604,3.932855