image_size,run1_time,run2_time,run3_time
256,0.0005,0.00045,0.00055
1024,0.004,0.0045,0.004
4000,0.01,0.013,0.012
16000,3.4,3.5,3.6