image_size,run1_time,run2_time,run3_time
256,0.001257,0.001604,0.001764
1024,0.032178,0.030068,0.027675
4000,0.257335,0.209284,0.214172
16000,3.801537,4.585755,4.422898
